AccusedMasterID,CaseMasterID,AccusedName,AgeYear,GenderID,PersonID
1,1,Advika Gokhale,46,M,A1
2,1,Balvan Chopra,51,F,A2
3,1,Hemani Murthy,18,T,A3
4,2,Parth Mody,28,M,A1
5,2,Peter Ray,23,T,A2
6,2,Aayush Mistry,42,T,A3
7,3,Ladli Ghosh,21,T,A1
8,3,Nidra Acharya,49,F,A2
9,3,Bhavini Kade,32,T,A3
10,3,Ekanta Shroff,40,M,A4
11,4,Girik Keer,25,F,A1
12,4,Umang Issac,22,M,A2
13,4,Aryan Batra,32,T,A3
14,5,Kalpit Jayaraman,25,M,A1
15,5,Karan Edwin,33,T,A2
16,5,Rayaan Barad,26,F,A3
17,6,Sanaya Dutt,53,M,A1
18,6,Shivani Lad,55,M,A2
19,7,Lakshit Dora,57,M,A1
20,8,Lajita Sood,25,T,A1
21,8,Indira Misra,59,T,A2
22,8,Oni Yohannan,31,F,A3
23,8,Vinaya Kanda,46,M,A4
24,9,Joshua Walla,25,F,A1
25,10,Chandresh Lad,41,F,A1
26,10,Falak Kakar,38,T,A2
27,10,Eta Nazareth,56,M,A3
28,10,Arunima Sama,21,M,A4
29,11,Banjeet Balasubramanian,40,M,A1
30,11,Ryan Bahri,43,T,A2
31,12,Indrajit Iyengar,30,F,A1
32,13,Devansh Barman,59,M,A1
33,13,Aarav Nath,57,T,A2
34,13,Dominic Mital,50,F,A3
35,14,Rachita Pathak,60,T,A1
36,14,Michael Saran,27,F,A2
37,14,Anamika Yohannan,23,T,A3
38,14,Udyati Sarin,60,M,A4
39,15,Qabil Sura,29,T,A1
40,15,Isha Kuruvilla,57,M,A2
41,16,Vrinda Khosla,25,F,A1
42,17,Yagnesh Mohan,26,T,A1
43,17,Urvashi Wali,48,F,A2
44,17,Pavani Narayanan,57,M,A3
45,18,Aarav Nath,51,F,A1
46,18,Indrajit Iyengar,22,T,A2
47,18,Siddharth Malhotra,52,T,A3
48,18,Peter Ray,50,T,A4
49,19,Aradhana Vohra,52,F,A1
50,19,Harish Hari,34,M,A2
51,19,Utkarsh Patel,59,M,A3
52,20,Bhavani Singh,45,M,A1
53,20,Ridhi Oak,46,F,A2
54,20,Charan Krishnan,46,M,A3
55,21,Dominic Palla,43,F,A1
56,21,Parth Mody,59,F,A2
57,21,Devansh Barman,33,M,A3
58,22,Hardik Johal,41,T,A1
59,22,Aishani Bumb,54,F,A2
60,23,Indrajit Iyengar,32,F,A1
61,23,Siddharth Malhotra,51,F,A2
62,23,Darpan Koshy,23,F,A3
63,24,Jason Pingle,28,F,A1
64,24,Rayaan Barad,44,F,A2
65,24,Isaiah Dixit,47,M,A3
66,24,Ekavir Bora,39,T,A4
67,25,Raksha Buch,31,T,A1
68,25,Rachana Naidu,40,M,A2
69,25,Atharv Chand,21,F,A3
70,25,Ansh Luthra,49,T,A4
71,26,Dominic Palla,47,M,A1
72,26,Baljiwan Dixit,56,T,A2
73,26,Kiaan Dutta,26,F,A3
74,26,Parth Mody,57,F,A4
75,27,Ekani Cheema,31,F,A1
76,27,Forum Sabharwal,50,T,A2
77,27,Bhavya Rattan,48,T,A3
78,28,Turvi Sachdev,43,F,A1
79,29,Kiaan Dutta,18,T,A1
80,29,Harsh Lalla,28,F,A2
81,29,Ojas Sabharwal,59,F,A3
82,29,Fariq Mukhopadhyay,48,T,A4
83,30,Aarav Nath,39,M,A1
84,30,Indrajit Iyengar,47,T,A2
85,30,Siddharth Malhotra,34,T,A3
86,31,Harini Tripathi,50,T,A1
87,32,Tanay Andra,46,M,A1
88,32,Parth Mody,31,T,A2
89,33,Warhi Bansal,42,F,A1
90,33,Yadavi Narula,23,T,A2
91,33,Ria Chaudhry,60,T,A3
92,33,Alexander Dhawan,26,T,A4
93,34,Edhitha Sura,21,M,A1
94,34,Ekapad Keer,50,F,A2
95,34,Utkarsh Chana,32,T,A3
96,34,Guneet Chaudhry,54,F,A4
97,35,Yash Wali,46,F,A1
98,35,Pranit Garde,23,T,A2
99,35,Farhan Raja,30,M,A3
100,36,Riya Pai,54,M,A1
101,36,Panini Krishna,27,M,A2
102,37,Kiaan Dutta,18,M,A1
103,37,Harsh Lalla,50,F,A2
104,38,Bahadurjit Patla,21,T,A1
105,38,Gautam Merchant,18,T,A2
106,38,Ojasvi Gill,28,M,A3
107,38,Kevin Zacharia,49,F,A4
108,39,Hamsini Contractor,42,T,A1
109,39,Faqid Dhaliwal,26,T,A2
110,39,Mekhala Pau,23,T,A3
111,39,Megha Atwal,40,M,A4
112,40,Vivaan Sinha,24,M,A1
113,40,Falak Kant,18,F,A2
114,41,Kiaan Dutta,45,F,A1
115,41,Harsh Lalla,44,F,A2
116,41,Ojas Sabharwal,48,M,A3
117,41,Rishi Setty,41,F,A4
118,42,Sachi Saxena,52,M,A1
119,43,Chandresh Nath,41,T,A1
120,43,Jeremiah Jha,52,T,A2
121,43,Sarthak Kalita,58,M,A3
122,43,Falguni Divan,24,M,A4
123,44,Jason Pingle,47,M,A1
124,44,Qasim Divan,51,F,A2
125,44,Karan Edwin,40,F,A3
126,44,Baljiwan Dixit,24,F,A4
127,45,Oviya Vora,52,M,A1
128,46,Yahvi Kant,26,T,A1
129,46,Charvi Shanker,42,F,A2
130,47,Sachi Borah,47,T,A1
131,47,Ekanta Divan,49,T,A2
132,47,Jonathan Maharaj,50,M,A3
133,48,Odika Nori,36,F,A1
134,48,Mohini Sagar,54,F,A2
135,48,Dhriti Sane,50,T,A3
136,49,Forum Das,31,F,A1
137,49,Irya Sampath,35,F,A2
138,49,Bhavna Muni,36,F,A3
139,49,Hemang Tripathi,53,T,A4
140,50,Anjali More,18,T,A1
141,50,Indali Ahuja,39,M,A2
142,51,Devika Nair,26,M,A1
143,51,Charles Dugal,35,T,A2
144,51,Chandran Bumb,23,M,A3
145,51,Saanvi Samra,53,T,A4
146,52,Aarav Nath,18,F,A1
147,53,Karan Edwin,25,F,A1
148,53,Rayaan Barad,57,T,A2
149,54,Mekhala Basak,25,M,A1
150,55,Janaki Chakrabarti,43,M,A1
151,55,Hitesh Kohli,47,F,A2
152,56,Jason Pingle,44,F,A1
153,56,Qabil Baral,21,M,A2
154,56,Ekalinga Lalla,35,M,A3
155,57,Isaac Bajwa,38,F,A1
156,58,Jason Pingle,26,M,A1
157,59,Faraj Chana,35,F,A1
158,59,Turvi Barman,27,M,A2
159,59,Raghav Nagy,57,T,A3
160,60,Januja Pradhan,28,M,A1
161,60,Lila Rege,33,T,A2
162,60,Charles Natt,33,F,A3
163,61,Lohit Palla,26,F,A1
164,62,Pranit Kala,36,M,A1
165,62,Vedika Handa,29,T,A2
166,63,Gayathri Deep,18,M,A1
167,64,Aarav Nath,53,M,A1
168,64,Indrajit Iyengar,39,T,A2
169,64,Siddharth Malhotra,57,F,A3
170,64,Peter Ray,19,F,A4
171,65,Dayamai Singh,60,F,A1
172,65,Jhalak Sastry,23,T,A2
173,65,Baghyawati Raja,52,F,A3
174,66,Kamya Chauhan,26,M,A1
175,66,Bhavani Chacko,45,M,A2
176,67,Shravya Palla,59,F,A1
177,67,Oeshi Bera,54,T,A2
178,67,Yadavi Prakash,48,M,A3
179,68,Upasna Sen,41,M,A1
180,68,Fariq Bahl,50,M,A2
181,68,Tanveer Doctor,22,F,A3
182,68,Indrajit Mani,50,F,A4
183,69,Xalak Wason,31,F,A1
184,69,Yutika Khurana,59,F,A2
185,70,Ekansh Vora,34,T,A1
186,70,Madhavi Singhal,59,F,A2
187,70,Lila Prakash,30,M,A3
188,71,Varenya Gopal,53,M,A1
189,71,Dev Shankar,39,T,A2
190,72,Champak Narula,38,T,A1
191,72,Jeet Pillai,21,M,A2
192,72,Mugdha Sarraf,46,F,A3
193,72,Harinakshi Grover,31,M,A4
194,73,Ekani Chauhan,26,F,A1
195,73,Falak Merchant,49,F,A2
196,73,Sanaya Sandhu,30,M,A3
197,74,Januja Varghese,58,M,A1
198,74,Azaan Dhar,37,F,A2
199,74,Bakhshi Date,60,M,A3
200,75,Kamya Sawhney,60,F,A1
201,76,Zarna Ram,25,F,A1
202,77,Indrajit Iyengar,18,T,A1
203,78,Nakul Ghosh,50,M,A1
204,78,Yashoda Kapur,53,T,A2
205,79,Unni Dayal,46,M,A1
206,79,Dominic More,24,T,A2
207,79,Varenya Vora,32,M,A3
208,79,Nimrat Borah,39,F,A4
209,80,Yadavi Bhakta,50,M,A1
210,80,Zarna Dua,55,M,A2
211,80,Nitesh Edwin,26,M,A3
212,80,Umang Pal,42,T,A4
213,81,Benjamin Balakrishnan,53,F,A1
214,81,Chakradev Lanka,55,T,A2
215,81,Omaja Balasubramanian,60,T,A3
216,82,Ucchal Jani,38,T,A1
217,83,Isaac Bajwa,27,M,A1
218,83,Kiaan Dutta,27,F,A2
219,83,Qasim Divan,56,M,A3
220,84,Indrajit Iyengar,46,M,A1
221,85,Ranveer Dutta,58,M,A1
222,86,Hredhaan Toor,55,M,A1
223,86,Isaac Bajwa,22,F,A2
224,86,Darpan Koshy,50,M,A3
225,86,Dominic Mital,36,T,A4
226,87,Neha Pau,27,M,A1
227,87,Nandini Behl,29,M,A2
228,87,Janani Mani,57,F,A3
229,87,Libni Thaman,30,M,A4
230,88,Yashodhara Ratti,59,F,A1
231,88,Chakradev Barad,35,F,A2
232,89,Henry Krish,47,T,A1
233,89,Lohit Kade,50,M,A2
234,89,Aarav Nath,43,F,A3
235,89,Dominic Palla,50,M,A4
236,90,Dominic Palla,34,T,A1
237,90,Dominic Mital,52,T,A2
238,90,Siddharth Malhotra,29,F,A3
239,91,Anirudh Sastry,33,M,A1
240,91,Omya Doshi,26,T,A2
241,92,Ekta Sridhar,24,M,A1
242,93,Chanchal Kar,23,F,A1
243,93,Bhavya Johal,56,T,A2
244,93,Edhitha Srinivasan,44,F,A3
245,93,Anusha Mani,30,M,A4
246,94,Aahana Srinivas,60,M,A1
247,94,Saksham Yohannan,32,F,A2
248,94,Anita Devan,28,M,A3
249,94,Wriddhish Kibe,31,T,A4
250,95,Harish Devan,41,M,A1
251,95,Nakul Ray,59,M,A2
252,96,Parth Sahni,25,T,A1
253,97,Wakeeta Desai,36,M,A1
254,98,Aarini Grewal,52,M,A1
255,98,Geetika Merchant,48,F,A2
256,98,Parth Ravi,57,F,A3
257,98,Yutika Narang,49,T,A4
258,99,Sanya Loke,57,F,A1
259,99,Chasmum Apte,41,M,A2
260,99,Jagvi Keer,49,F,A3
261,100,Jeremiah Behl,48,T,A1
262,101,Ojasvi Sinha,28,T,A1
263,101,Yug Bumb,39,F,A2
264,101,Janaki Brahmbhatt,58,T,A3
265,102,Isaac Bajwa,53,M,A1
266,103,Dalbir Shere,54,F,A1
267,103,Anthony Randhawa,51,T,A2
268,103,Aarush Kamdar,58,T,A3
269,103,Chakradev Sampath,37,F,A4
270,104,Pranit Deshmukh,57,T,A1
271,104,Kavya Raja,35,F,A2
272,105,Maya Wadhwa,37,F,A1
273,106,Hiral Dubey,38,M,A1
274,106,Ranbir Chowdhury,58,T,A2
275,106,Oni Babu,20,T,A3
276,106,Samuel Bhavsar,53,T,A4
277,107,Karan Edwin,40,T,A1
278,107,Rayaan Barad,26,F,A2
279,108,Warjas Mittal,41,T,A1
280,108,Timothy Sachdev,33,F,A2
281,109,Eiravati Saha,55,F,A1
282,109,Manthan Mital,21,F,A2
283,109,Qarin Yogi,32,T,A3
284,109,Wridesh Kar,22,M,A4
285,110,Shivani Prabhakar,29,T,A1
286,110,Rayaan Behl,43,T,A2
287,110,Krishna Baral,39,T,A3
288,110,Raghav Kalla,28,T,A4
289,111,Siddharth Malhotra,53,T,A1
290,111,Indrajit Iyengar,54,M,A2
291,112,Lajita Shukla,25,M,A1
292,112,Darika Lal,59,T,A2
293,112,Yochana Tank,18,T,A3
294,113,Advika Sahni,30,F,A1
295,113,Michael Hayre,43,T,A2
296,114,Aarav Nath,25,T,A1
297,114,Indrajit Iyengar,21,M,A2
298,114,Siddharth Malhotra,57,M,A3
299,115,Nitara Devan,60,F,A1
300,115,Ekansh Dora,24,M,A2
301,115,Tejas Tiwari,36,T,A3
302,115,Kashvi Bhasin,42,M,A4
303,116,Karan Edwin,51,T,A1
304,116,Rayaan Barad,57,T,A2
305,117,Kiaan Dutta,19,F,A1
306,118,Farhan Prakash,42,F,A1
307,118,Tripti Kohli,48,M,A2
308,118,Charita Buch,28,M,A3
309,118,Girik Ravi,32,M,A4
310,119,Isaac Bajwa,43,F,A1
311,120,Maanas Rao,28,T,A1
312,120,Chandani Gaba,25,M,A2
313,120,Lopa Zachariah,25,T,A3
314,121,Isaac Bajwa,49,T,A1
315,121,Kiaan Dutta,18,T,A2
316,121,Qasim Divan,49,M,A3
317,122,Fitan Loyal,42,M,A1
318,123,Anamika Chaudry,49,T,A1
319,123,Gagan Grover,58,F,A2
320,123,Saumya Vala,49,M,A3
321,124,Frado Kibe,48,F,A1
322,124,Lajita Gara,20,T,A2
323,125,Veda Bose,56,M,A1
324,125,Zayan Koshy,37,T,A2
325,126,Aarav Nath,51,T,A1
326,126,Indrajit Iyengar,26,M,A2
327,126,Siddharth Malhotra,20,F,A3
328,127,Ekani Iyer,36,T,A1
329,127,Dipta Goel,33,M,A2
330,127,Eiravati Manne,22,F,A3
331,128,Jeremiah Behl,43,M,A1
332,128,Devansh Barman,60,F,A2
333,129,Jason Pingle,55,F,A1
334,129,Qabil Baral,45,T,A2
335,129,Ekalinga Lalla,39,T,A3
336,129,Indrajit Iyengar,33,M,A4
337,130,Yashawini Sahota,37,F,A1
338,130,Jagvi Yadav,40,M,A2
339,130,Ikbal Kothari,55,M,A3
340,131,Aarav Nath,59,M,A1
341,131,Indrajit Iyengar,27,T,A2
342,132,Jason Pingle,54,F,A1
343,132,Rayaan Barad,41,M,A2
344,132,Brijesh D’Alia,55,F,A3
345,133,Ekalinga Mital,36,T,A1
346,133,Ishwar Bajaj,57,M,A2
347,134,Qarin Grewal,54,T,A1
348,134,Meghana Balakrishnan,40,M,A2
349,134,Shivani Sanghvi,59,F,A3
350,134,Aayush Kala,25,M,A4
351,135,Lipika Ramanathan,38,T,A1
352,135,Ijaya Pandey,18,T,A2
353,135,Orinder Mishra,18,M,A3
354,136,Yasti Rama,21,F,A1
355,136,Lakshit Rajagopal,42,F,A2
356,137,Darpan Koshy,20,T,A1
357,138,Nilima Swamy,20,F,A1
358,138,Sachi Suresh,60,M,A2
359,138,Fitan Balasubramanian,37,T,A3
360,139,Kalpit Jayaraman,59,M,A1
361,139,Harsh Lalla,18,M,A2
362,140,Indrajit Iyengar,53,M,A1
363,140,Siddharth Malhotra,46,M,A2
364,140,Darpan Koshy,55,M,A3
365,140,Simon Chaudry,26,M,A4
366,141,Aarav Nath,57,F,A1
367,141,Indrajit Iyengar,52,T,A2
368,142,Jason Pingle,46,T,A1
369,143,Krishna Sabharwal,30,T,A1
370,143,Aradhana Date,40,F,A2
371,143,Zaid Dhingra,30,F,A3
372,143,Yug Ramaswamy,26,M,A4
373,144,Isaac Bajwa,50,M,A1
374,145,Warda Loyal,18,T,A1
375,145,Bhanumati Nazareth,22,F,A2
376,145,Vedhika Oza,39,T,A3
377,146,Chasmum Dutt,50,T,A1
378,146,Girik Patel,45,F,A2
379,147,Kevin Kara,52,M,A1
380,148,Qasim Divan,28,T,A1
381,148,Aarav Nath,28,T,A2
382,148,Ojas Sabharwal,52,F,A3
383,149,Kiaan Dutta,37,M,A1
384,149,Kalpit Jayaraman,43,T,A2
385,149,Dominic Palla,32,F,A3
386,149,Hredhaan Toor,40,M,A4
387,150,Tanay Doshi,45,T,A1
388,150,Saanvi Kalla,44,M,A2
389,150,Harish Dey,55,T,A3
390,150,Leena Panchal,23,M,A4
391,151,Zarna Upadhyay,33,M,A1
392,151,Manya Merchant,25,F,A2
393,152,Jasmit Gera,29,M,A1
394,153,Darpan Rao,25,M,A1
395,154,Jason Pingle,48,M,A1
396,154,Rayaan Barad,34,M,A2
397,155,Christopher More,48,F,A1
398,156,Idika Virk,37,T,A1
399,157,Karan Edwin,49,F,A1
400,157,Rayaan Barad,55,T,A2
401,157,Jason Pingle,35,T,A3
402,157,Yuvraj Shah,43,F,A4
403,158,Jagat Gaba,25,F,A1
404,159,Omaja Nagarajan,21,M,A1
405,159,Faras Pradhan,55,M,A2
406,159,Yadavi Ben,26,F,A3
407,160,Jyoti Iyer,42,F,A1
408,161,Matthew Ahuja,54,T,A1
409,162,Jason Pingle,45,F,A1
410,162,Karan Edwin,38,M,A2
411,163,Kashish Shanker,20,T,A1
412,163,Girish Tiwari,49,M,A2
413,163,Meera Borde,21,M,A3
414,164,Falan Jain,34,T,A1
415,164,Ikbal Dugal,21,F,A2
416,165,Jason Pingle,37,M,A1
417,165,Qabil Baral,28,F,A2
418,165,Ekalinga Lalla,58,F,A3
419,166,Farhan Sarma,59,M,A1
420,166,Harsh Lalla,56,T,A2
421,166,Parth Mody,44,F,A3
422,167,Chandani Lad,32,T,A1
423,167,Azaan Ravel,31,M,A2
424,167,Zaid Chandra,35,F,A3
425,167,Harsh Dey,49,F,A4
426,168,Aashi Borde,40,T,A1
427,168,Dhruv Hora,60,T,A2
428,168,Kabir Chanda,20,M,A3
429,169,Lavanya Sandhu,28,F,A1
430,169,Irya Kala,49,M,A2
431,169,Anvi Mammen,53,T,A3
432,170,Darsh Chahal,54,T,A1
433,170,Leela Devan,55,M,A2
434,171,Aarav Nath,21,T,A1
435,171,Tanay Andra,22,T,A2
436,172,Karan Edwin,41,T,A1
437,172,Rayaan Barad,29,F,A2
438,172,Jason Pingle,58,F,A3
439,172,Jatin Khosla,23,M,A4
440,173,Dominic Palla,38,T,A1
441,174,Jason Pingle,30,M,A1
442,175,Peter Naik,49,F,A1
443,175,Anthony Divan,19,F,A2
444,176,Rajeshri Sur,28,F,A1
445,176,Owen Parikh,30,F,A2
446,176,Parth Radhakrishnan,40,F,A3
447,177,Eesha Kant,19,F,A1
448,177,Watika Dhaliwal,34,F,A2
449,177,Faras Khanna,28,M,A3
450,178,Dominic Palla,46,T,A1
451,178,Dominic Mital,49,T,A2
452,178,Siddharth Malhotra,24,M,A3
453,179,Indrajit Iyengar,43,M,A1
454,180,Keya Dyal,26,T,A1
455,181,Baljiwan Dixit,56,M,A1
456,181,Harsh Lalla,40,F,A2
457,181,Isaac Bajwa,36,T,A3
458,182,Baghyawati Mishra,58,F,A1
459,182,Gopal Bawa,46,T,A2
460,182,Vritti Dube,49,T,A3
461,182,Jalsa Aggarwal,44,M,A4
462,183,Indrajit Iyengar,22,M,A1
463,183,Siddharth Malhotra,44,F,A2
464,183,Darpan Koshy,54,F,A3
465,183,Madhav Bumb,54,F,A4
466,184,Sanaya Basu,19,M,A1
467,184,Ria Shroff,60,T,A2
468,185,Omya Wason,28,M,A1
469,185,Warinder Soni,57,F,A2
470,186,Jonathan Basak,26,F,A1
471,187,Aarav Nath,37,M,A1
472,188,Hitesh Chaudhuri,49,F,A1
473,188,Hemangini Roy,52,M,A2
474,189,Vaishnavi Luthra,49,F,A1
475,189,Anmol Nazareth,20,F,A2
476,189,Deepa Mand,49,T,A3
477,190,Isaac Bajwa,49,F,A1
478,190,Kiaan Dutta,51,M,A2
479,190,Qasim Divan,32,M,A3
480,191,Dominic Mukhopadhyay,39,T,A1
481,191,Krishna Viswanathan,33,M,A2
482,192,Rushil Mahal,45,T,A1
483,193,Dominic Palla,55,F,A1
484,194,Isaac Bajwa,47,T,A1
485,194,Kiaan Dutta,39,T,A2
486,194,Qasim Divan,54,F,A3
487,195,Samuel Luthra,41,M,A1
488,195,Yochana Bahri,19,M,A2
489,195,Urvi Deo,30,F,A3
490,196,Ikshita Sharaf,45,T,A1
491,196,Tejas Shukla,33,M,A2
492,196,Mekhala Chaudry,57,T,A3
493,196,Yasti Prasad,30,T,A4
494,197,Ekta Malhotra,42,T,A1
495,197,Chanchal Guha,28,F,A2
496,198,Chakrika Lad,24,M,A1
497,199,Onkar Golla,47,T,A1
498,199,Gunbir Sinha,47,F,A2
499,200,Kamya Lad,54,T,A1
500,200,Ubika Dalal,56,T,A2
501,201,Odika Bhagat,18,M,A1
502,202,Karan Edwin,56,M,A1
503,202,Rayaan Barad,51,F,A2
504,202,Jason Pingle,54,F,A3
505,202,Nakul Gole,47,F,A4
506,203,Nathan Suri,44,F,A1
507,204,Aarav Nath,52,T,A1
508,205,Karan Edwin,19,M,A1
509,205,Rayaan Barad,39,M,A2
510,206,Dhruv Bath,35,T,A1
511,206,Bina Shah,57,F,A2
512,206,Radha Desai,20,M,A3
513,206,Vrishti Parmer,31,F,A4
514,207,Keya Kumer,57,M,A1
515,207,Chanakya Chokshi,21,M,A2
516,208,Osha Chaudhuri,58,M,A1
517,208,Laksh Sahota,22,F,A2
518,208,Yasti Dalal,22,M,A3
519,208,Ishaan Cherian,21,T,A4
520,209,Karan Edwin,34,F,A1
521,209,Isaac Bajwa,47,F,A2
522,209,Jason Pingle,47,F,A3
523,209,Aayush Mistry,42,T,A4
524,210,Devansh Barman,60,T,A1
525,210,Banjeet Saini,27,F,A2
526,211,Jagvi Munshi,23,M,A1
527,211,Jack Chandran,58,T,A2
528,211,Aditya Devi,40,M,A3
529,212,Aarav Nath,42,M,A1
530,212,Indrajit Iyengar,35,M,A2
531,213,Nathaniel Chawla,26,M,A1
532,213,Vasudha Sarma,56,M,A2
533,213,Ladli Parmer,51,F,A3
534,213,Kalpit Subramanian,33,F,A4
535,214,Isaac Bajwa,25,F,A1
536,214,Kiaan Dutta,60,T,A2
537,214,Qasim Divan,33,M,A3
538,214,Tarak Kothari,31,M,A4
539,215,Indrajit Iyengar,55,M,A1
540,216,Dominic Palla,27,T,A1
541,216,Dominic Mital,60,T,A2
542,216,Siddharth Malhotra,20,T,A3
543,216,Peter Ray,38,F,A4
544,217,Gavin Modi,36,F,A1
545,217,Tanmayi Om,30,T,A2
546,217,Chatura Kapoor,53,F,A3
547,217,Garima Solanki,24,M,A4
548,218,Isha Manne,58,T,A1
549,218,Hitesh Bath,43,M,A2
550,218,Waida Dey,20,M,A3
551,219,Aarav Nath,52,M,A1
552,219,Indrajit Iyengar,43,T,A2
553,220,Tanvi Thaman,45,T,A1
554,220,Wishi Agrawal,18,M,A2
555,220,Rachita Subramanian,37,M,A3
556,221,Omya Kothari,28,F,A1
557,221,Mitali Oza,47,M,A2
558,221,Sneha Deol,34,T,A3
559,222,Karan Edwin,32,F,A1
560,222,Rayaan Barad,24,M,A2
561,222,Jason Pingle,29,T,A3
562,223,Chatresh Bhalla,40,F,A1
563,223,Amara Dyal,50,F,A2
564,223,Zashil Dhingra,35,F,A3
565,223,Chakrika Jani,51,T,A4
566,224,Dhriti Bhagat,51,T,A1
567,224,Zayan Jain,56,M,A2
568,224,Umang Pillai,56,F,A3
569,225,Oscar Varkey,59,T,A1
570,225,Krishna Baria,20,F,A2
571,225,Arya Lalla,57,F,A3
572,225,Naveen Kumer,21,F,A4
573,226,Indrajit Iyengar,45,M,A1
574,226,Siddharth Malhotra,40,T,A2
575,226,Darpan Koshy,30,M,A3
576,226,Yatan Parmar,30,F,A4
577,227,Timothy Kala,33,T,A1
578,227,Garima Patel,27,T,A2
579,227,Tejas Wali,50,M,A3
580,228,Jagat Gaba,25,F,A1
581,228,Jagdish Lanka,41,F,A2
582,228,Karan Edwin,40,T,A3
583,229,Jason Pingle,30,T,A1
584,230,Gopal Ganesh,26,F,A1
585,230,Dominic Kade,20,T,A2
586,231,Chatura Gokhale,20,T,A1
587,231,Ekavir Kari,33,F,A2
588,231,Nikita Rama,20,T,A3
589,232,Ishita Thakkar,55,M,A1
590,232,Bimala Mitra,42,T,A2
591,232,Baghyawati Sarma,34,T,A3
592,233,Maanas Misra,43,M,A1
593,233,Advay Dhaliwal,51,M,A2
594,233,Benjamin Ahluwalia,18,T,A3
595,233,Frederick Mody,24,F,A4
596,234,Peter Ray,27,M,A1
597,235,Vidhi Narayanan,27,T,A1
598,235,Kabir Keer,37,T,A2
599,235,Bhavani Boase,36,F,A3
600,236,Diya Sangha,44,T,A1
601,236,Aayush Munshi,58,F,A2
602,236,Timothy Sarin,26,T,A3
603,237,Parth Bumb,26,M,A1
604,237,Logan Yohannan,27,F,A2
605,238,Manthan Pau,59,M,A1
606,239,William Gandhi,53,T,A1
607,240,Banjeet Kanda,53,M,A1
608,241,Karan Edwin,48,T,A1
609,241,Rayaan Barad,20,F,A2
610,242,Adya Ghosh,23,F,A1
611,242,Kritika Pau,24,F,A2
612,242,Zansi Krishnamurthy,38,M,A3
613,243,Faraj Varkey,27,M,A1
614,243,Siddharth Doctor,36,F,A2
615,244,Jason Pingle,38,T,A1
616,244,Qabil Baral,20,T,A2
617,244,Ekalinga Lalla,42,M,A3
618,244,Indrajit Iyengar,41,F,A4
619,245,Manan Bhalla,42,M,A1
620,245,Aarna Gole,53,T,A2
621,245,Anirudh Mander,30,M,A3
622,245,Tarak Sen,60,T,A4
623,246,Dominic Palla,50,M,A1
624,246,Dominic Mital,49,T,A2
625,246,Siddharth Malhotra,47,F,A3
626,247,Yamini Saini,31,M,A1
627,248,Jason Pingle,27,F,A1
628,248,Rayaan Barad,51,T,A2
629,248,Qasim Bassi,56,F,A3
630,248,Ishwar Subramaniam,39,M,A4
631,249,Viraj Chacko,55,M,A1
632,250,Dominic Palla,34,M,A1
633,251,Mohammed Sandhu,18,M,A1
634,251,Advika Wason,51,T,A2
635,251,Jasmit Majumdar,34,M,A3
636,251,Samar Sachdev,30,T,A4
637,252,Mitali Devi,56,T,A1
638,252,Victor Sekhon,35,F,A2
639,252,Harish Kala,57,M,A3
640,252,Hamsini Ben,56,F,A4
641,253,Fariq Barad,32,T,A1
642,253,Nandini Verma,22,F,A2
643,253,Dakshesh Gill,36,T,A3
644,253,Reva Anne,31,T,A4
645,254,Karan Edwin,20,T,A1
646,254,Rayaan Barad,51,M,A2
647,254,Jason Pingle,39,T,A3
648,255,Gautam Mane,52,M,A1
649,255,Idika Malhotra,21,F,A2
650,256,Yahvi Menon,23,F,A1
651,257,Jackson Kuruvilla,35,F,A1
652,257,Lavanya Kannan,28,T,A2
653,258,Jason Pingle,43,M,A1
654,258,Qabil Baral,56,F,A2
655,258,Ekalinga Lalla,51,T,A3
656,258,Indrajit Iyengar,49,T,A4
657,259,Jason Pingle,60,F,A1
658,259,Rayaan Barad,45,F,A2
659,259,Peter Kamdar,19,M,A3
660,259,Gavin Gupta,34,M,A4
661,260,Hredhaan Dar,19,M,A1
662,260,Waida Ahuja,44,M,A2
663,260,Vasatika Prabhu,60,M,A3
664,261,Yadavi Palan,27,F,A1
665,262,Rachit Lall,27,T,A1
666,262,Amruta Sinha,30,F,A2
667,263,Ati Seshadri,45,M,A1
668,263,Karan Karnik,26,T,A2
669,263,Anamika Keer,46,T,A3
670,263,Lakshmi Hayre,38,T,A4
671,264,Zansi Walla,39,T,A1
672,264,Vidhi Mital,24,F,A2
673,264,Champak Rao,54,F,A3
674,265,Jagvi Kurian,48,M,A1
675,266,Sanya Brar,27,M,A1
676,267,Edhitha Manne,37,F,A1
677,267,Megha Madan,22,T,A2
678,268,Wahab Krishnamurthy,22,M,A1
679,268,Shivansh Ganesan,57,F,A2
680,268,Harshil Chandran,25,M,A3
681,268,Urvashi Bhagat,22,F,A4
682,269,Dayamai Karnik,39,M,A1
683,269,Bhanumati Savant,59,T,A2
684,269,Karan Vyas,49,M,A3
685,269,Ayush Banerjee,31,T,A4
686,270,Gaurav Sathe,34,T,A1
687,271,Abhiram Swamy,37,M,A1
688,271,Chandani Andra,19,M,A2
689,272,Megha Krish,52,T,A1
690,272,Madhavi Radhakrishnan,20,M,A2
691,272,Adya Buch,33,M,A3
692,272,Wriddhish Varughese,22,M,A4
693,273,Indrajit Shah,25,F,A1
694,273,Anita Swamy,27,M,A2
695,274,Amruta Dass,20,T,A1
696,274,Abhiram Kaul,40,M,A2
697,274,Matthew Aurora,56,F,A3
698,274,Teerth Oommen,34,T,A4
699,275,Daksh Lata,56,M,A1
700,275,Ekbal Singhal,25,F,A2
701,275,Rehaan Krishna,54,T,A3
702,276,Isaac Bajwa,55,F,A1
703,277,Brijesh Verma,59,F,A1
704,277,Zehaan Srivastava,48,F,A2
705,277,Rushil Patel,57,M,A3
706,278,Dominic Palla,33,F,A1
707,278,Dominic Mital,33,F,A2
708,278,Siddharth Malhotra,32,F,A3
709,279,Rayaan Barad,18,M,A1
710,279,Ekalinga Lalla,25,F,A2
711,279,Aayush Mistry,34,T,A3
712,279,Ojas Sabharwal,48,T,A4
713,280,Jason Pingle,55,T,A1
714,281,Siddharth Malhotra,32,M,A1
715,281,Rayaan Barad,36,F,A2
716,281,Samuel Bakshi,56,M,A3
717,282,Qasim Divan,22,F,A1
718,282,Nakul Bora,28,T,A2
719,282,Lohit Kade,39,F,A3
720,283,Qasim Bahl,29,M,A1
721,283,William Nagi,44,T,A2
722,283,Lila Gupta,34,T,A3
723,283,Mitesh Mandal,42,T,A4
724,284,Azad Rama,21,T,A1
725,284,Aahana Bawa,38,F,A2
726,285,Ekavir Modi,41,T,A1
727,286,Praneel Sagar,42,T,A1
728,286,Ishita Shanker,43,M,A2
729,286,Hemang Ganesan,35,M,A3
730,287,Qushi Naik,43,F,A1
731,287,Tanish Prashad,52,T,A2
732,288,Bhavani Babu,27,M,A1
733,288,Chasmum Ahuja,38,T,A2
734,288,Tristan Kala,54,T,A3
735,288,Anthony Majumdar,44,M,A4
736,289,Jason Pingle,57,T,A1
737,289,Qabil Baral,41,T,A2
738,290,Lohit Kade,35,F,A1
739,290,Qasim Divan,45,T,A2
740,290,Darpan Koshy,37,F,A3
741,290,Ekalinga Lalla,57,F,A4
742,291,Ijaya Saraf,21,M,A1
743,292,Michael Bedi,41,F,A1
744,292,Sanaya Thaman,60,F,A2
745,292,Tristan Sankaran,45,M,A3
746,292,Meera Divan,57,T,A4
747,293,Jason Pingle,57,T,A1
748,294,Jasmit Pall,35,M,A1
749,294,Ekani Padmanabhan,29,F,A2
750,295,Chaitanya Kaur,37,M,A1
751,295,Kashvi Dugal,42,T,A2
752,296,Jason Pingle,34,M,A1
753,296,Qabil Baral,47,F,A2
754,296,Ekalinga Lalla,20,M,A3
755,297,Bhanumati Iyer,43,F,A1
756,297,Chatresh Shroff,20,M,A2
757,297,Ekalinga Rama,50,M,A3
758,298,Vedhika Wali,27,T,A1
759,298,Quincy Issac,53,F,A2
760,299,Henry Krish,26,F,A1
761,299,Dominic Mital,30,M,A2
762,299,Lohit Kade,31,F,A3
763,300,Ati Kar,46,T,A1
764,301,Indrajit Iyengar,34,F,A1
765,301,Siddharth Malhotra,39,T,A2
766,301,Darpan Koshy,36,M,A3
767,302,Aarav Nath,42,T,A1
768,302,Indrajit Iyengar,23,F,A2
769,302,Siddharth Malhotra,58,T,A3
770,303,Karan Edwin,60,M,A1
771,303,Rayaan Barad,35,F,A2
772,304,Atharv Loke,31,T,A1
773,304,Vincent Kashyap,51,F,A2
774,304,Jagrati Buch,37,F,A3
775,304,Krish Thakkar,38,F,A4
776,305,Anamika Sachar,46,M,A1
777,305,Samaksh Jayaraman,29,F,A2
778,305,Peter Sarna,36,M,A3
779,305,Ekta Shankar,52,F,A4
780,306,Jason Pingle,38,M,A1
781,306,Qabil Baral,36,M,A2
782,307,Ranveer Manne,21,F,A1
783,308,Rayaan Barad,39,F,A1
784,308,Harsh Lalla,46,F,A2
785,308,Jeremiah Behl,46,T,A3
786,309,Odika Naik,40,T,A1
787,309,Aryan Gola,27,T,A2
788,309,Saksham Sha,50,F,A3
789,309,Zashil Naik,51,F,A4
790,310,Onkar Nayak,33,F,A1
791,311,Dayamai Sehgal,21,F,A1
792,311,Pratyush Dalal,58,M,A2
793,311,Samaksh Aggarwal,30,F,A3
794,311,Advik Shanker,25,F,A4
795,312,Aayush Mistry,38,T,A1
796,312,Rayaan Barad,48,F,A2
797,312,Darpan Koshy,28,M,A3
798,313,Garima Chahal,37,F,A1
799,313,Ikbal Saha,27,F,A2
800,313,Neel Mane,39,T,A3
801,314,Jason Pingle,28,F,A1
802,314,Qabil Baral,48,T,A2
803,314,Ekalinga Lalla,55,F,A3
804,315,Shaurya Bhardwaj,19,M,A1
805,315,Gagan Sule,22,T,A2
806,315,Prisha Nadig,38,F,A3
807,316,Jacob Johal,25,T,A1
808,317,Karan Edwin,19,M,A1
809,317,Rayaan Barad,32,F,A2
810,317,Jason Pingle,45,M,A3
811,318,Abeer Comar,40,M,A1
812,318,Harita Randhawa,26,F,A2
813,319,Turvi Sachdev,47,M,A1
814,319,Chandani Mutti,18,F,A2
815,319,Sathvik Narula,44,F,A3
816,320,Noah Ramachandran,28,F,A1
817,320,Jackson Morar,29,M,A2
818,320,Azad Magar,51,M,A3
819,321,Baljiwan Jaggi,44,T,A1
820,322,Harini Sule,47,T,A1
821,322,Falak Dhar,55,T,A2
822,323,Chaitanya Chahal,46,M,A1
823,323,Unni Batra,35,T,A2
824,324,Bhavini Malhotra,23,T,A1
825,324,Ridhi Dalal,29,F,A2
826,324,Manthan Dugar,50,M,A3
827,324,Ishwar Aurora,27,T,A4
828,325,Karan Edwin,53,T,A1
829,325,Darpan Koshy,37,M,A2
830,325,Dominic Mital,57,T,A3
831,325,Jeremiah Behl,22,M,A4
832,326,Hitesh Rajagopal,56,F,A1
833,326,Gabriel Sandhu,32,T,A2
834,326,Praneel Sehgal,46,F,A3
835,327,Vincent Kapur,40,M,A1
836,327,Aarna Patla,18,M,A2
837,327,Qadim Narayanan,49,M,A3
838,327,Sudiksha Sura,55,F,A4
839,328,Indrajit Iyengar,24,F,A1
840,328,Siddharth Malhotra,44,M,A2
841,329,Yagnesh Dutt,23,T,A1
842,329,Leena Bhatti,43,F,A2
843,330,Darika Ravi,24,T,A1
844,330,Ikbal Raghavan,36,T,A2
845,330,Warda Bhat,54,M,A3
846,331,Daksha Saran,33,F,A1
847,331,Gaurav Anand,52,F,A2
848,331,Joshua Menon,22,T,A3
849,331,Kala Bera,26,F,A4
850,332,Qasim Divan,40,M,A1
851,332,Kiaan Dutta,35,T,A2
852,332,Jason Pingle,34,T,A3
853,332,Dominic Mital,19,T,A4
854,333,Henry Krish,54,T,A1
855,334,Jagdish Lanka,41,M,A1
856,335,Rajeshri Deshpande,36,M,A1
857,336,Isaac Bajwa,60,T,A1
858,336,Kiaan Dutta,55,M,A2
859,336,Qasim Divan,51,M,A3
860,337,Wishi Khalsa,52,M,A1
861,337,Nirja Peri,21,F,A2
862,338,Harsh Lalla,60,F,A1
863,339,Chatresh Oza,46,M,A1
864,340,Chaitaly Mann,20,F,A1
865,340,Balendra Modi,48,M,A2
866,340,Darsh Solanki,25,M,A3
867,340,Charan Manne,20,F,A4
868,341,Arunima Krishnan,19,F,A1
869,341,Avni Maharaj,22,M,A2
870,342,Isaac Bajwa,54,T,A1
871,343,Nitara Rajagopal,52,M,A1
872,344,Vamakshi Walia,27,F,A1
873,344,Ladli Ramakrishnan,24,T,A2
874,344,Adweta Dhillon,59,F,A3
875,345,Anamika Loke,40,M,A1
876,345,Aadhya Raman,27,M,A2
877,345,Wyatt Hayer,37,M,A3
878,346,Guneet Vohra,55,T,A1
879,346,Sanaya Panchal,41,F,A2
880,346,Bhanumati Krishnamurthy,55,T,A3
881,346,Bahadurjit Bajwa,29,F,A4
882,347,Qasim Choudhry,21,T,A1
883,348,Ekiya Kurian,45,F,A1
884,348,Ethan Malhotra,39,M,A2
885,348,Lavanya Rama,40,T,A3
886,348,Darpan Kuruvilla,34,T,A4
887,349,Hredhaan Toor,30,T,A1
888,349,Jagdish Lanka,23,M,A2
889,349,Dominic Palla,23,T,A3
890,350,Aayush Mistry,38,M,A1
891,351,Mahika Aggarwal,48,F,A1
892,351,Vanya Sarin,49,F,A2
893,351,Ekaraj Zachariah,49,F,A3
894,352,Christopher Chana,30,M,A1
895,352,Harini Buch,49,F,A2
896,352,Bimala Jain,28,F,A3
897,352,Balveer Rajagopalan,53,F,A4
898,353,Isaac Bajwa,41,F,A1
899,353,Kiaan Dutta,33,M,A2
900,353,Qasim Divan,38,T,A3
901,353,Yash Ramachandran,32,F,A4
902,354,Tara Yadav,27,F,A1
903,354,Viraj Bora,21,F,A2
904,355,Akshay Gera,23,F,A1
905,356,Samaksh Sandhu,43,M,A1
906,357,Oscar Nayak,43,T,A1
907,358,Harish Puri,44,T,A1
908,358,Amol Sur,22,M,A2
909,358,Abeer Amble,30,T,A3
910,359,Qabil Baral,54,T,A1
911,359,Veer Chaudhry,37,T,A2
912,359,Chatresh Dugal,31,T,A3
913,359,Ekalinga Lalla,37,F,A4
914,360,Xalak Chakrabarti,28,M,A1
915,360,Ijaya Sahota,21,F,A2
916,360,Warinder Handa,31,T,A3
917,361,Patrick Dutta,44,M,A1
918,362,Nakul Balakrishnan,28,F,A1
919,362,Yutika D’Alia,60,F,A2
920,362,Wahab Saxena,53,T,A3
921,363,Karan Edwin,25,T,A1
922,363,Rayaan Barad,52,M,A2
923,363,Jason Pingle,51,M,A3
924,363,Imaran Borah,54,M,A4
925,364,Tanvi Hari,19,M,A1
926,365,Isaac Bajwa,42,T,A1
927,365,Kiaan Dutta,24,F,A2
928,365,Qasim Divan,55,T,A3
929,366,Arya Atwal,19,T,A1
930,366,Yatin Kota,46,M,A2
931,367,Sneha Tandon,49,M,A1
932,367,Fiyaz Arora,46,T,A2
933,367,Tejas Deo,25,M,A3
934,368,Arjun Sha,52,F,A1
935,368,Lakshit Ravi,53,F,A2
936,369,Kiaan Dutta,50,M,A1
937,370,Udyati Baria,50,F,A1
938,370,Jeevika Gill,59,T,A2
939,371,Yahvi Sampath,35,F,A1
940,372,Dominic Palla,58,M,A1
941,372,Dominic Mital,31,T,A2
942,373,Faris Raman,35,M,A1
943,373,Bhavya Bose,45,T,A2
944,373,Nitesh Majumdar,49,T,A3
945,374,Bishakha Gulati,33,M,A1
946,374,Anthony Kata,19,T,A2
947,374,Nisha Oza,55,F,A3
948,375,Bhavya Batta,42,T,A1
949,375,Ira Mane,42,M,A2
950,375,Ojas Dyal,52,F,A3
951,375,Qabil Gill,31,T,A4
952,376,Qarin Jha,45,M,A1
953,376,Edhitha Padmanabhan,45,F,A2
954,376,Kashish Sen,40,M,A3
955,376,Charvi Dara,35,F,A4
956,377,Urvi Mann,44,F,A1
957,377,Riya Nigam,28,T,A2
958,377,Varenya Baria,22,M,A3
959,378,George Narain,28,F,A1
960,378,Robert Vyas,50,M,A2
961,379,Mitali Divan,59,T,A1
962,379,Kala Raju,40,T,A2
963,379,Advik Mane,54,T,A3
964,379,Indali Morar,43,F,A4
965,380,Panini Sachdeva,47,F,A1
966,380,Gabriel Dhawan,31,F,A2
967,380,Chavvi Soman,26,F,A3
968,381,Jason Pingle,58,T,A1
969,381,Qabil Baral,41,M,A2
970,381,Ekalinga Lalla,46,F,A3
971,382,Kiaan Dutta,30,F,A1
972,382,Harsh Lalla,54,M,A2
973,382,Ojas Sabharwal,44,M,A3
974,383,Bhavna Sahni,43,M,A1
975,383,Vyanjana Konda,55,F,A2
976,383,Jagdish Malhotra,34,M,A3
977,384,Kashvi Vala,49,F,A1
978,385,Chatresh Mahajan,40,T,A1
979,385,Oni Parekh,54,M,A2
980,385,Bimala Manne,20,M,A3
981,386,Janani Char,48,F,A1
982,386,Maanas Arya,40,T,A2
983,386,Zarna Manda,37,F,A3
984,386,Vedhika Sabharwal,59,T,A4
985,387,Jeremiah Behl,29,F,A1
986,387,Qabil Baral,47,T,A2
987,388,Kabir Dhar,39,T,A1
988,389,Hritik Bali,47,T,A1
989,390,Indali Balakrishnan,52,T,A1
990,391,Rehaan Manda,36,F,A1
991,391,Aayush Chaudhary,52,T,A2
992,392,Yoshita Kari,57,M,A1
993,392,Isaiah Murthy,22,M,A2
994,392,Unnati Choudhary,27,F,A3
995,393,Indrajit Iyengar,19,T,A1
996,393,Siddharth Malhotra,41,T,A2
997,393,Darpan Koshy,39,F,A3
998,393,Vedant Muni,18,F,A4
999,394,Aarav Nath,23,M,A1
1000,394,Tanay Andra,51,T,A2
1001,394,Aayush Mistry,56,M,A3
1002,395,Isaac Bajwa,20,F,A1
1003,396,Jason Kaul,51,F,A1
1004,396,Xalak Mallick,40,M,A2
1005,397,Chatresh Dugal,35,M,A1
1006,398,Hardik Bera,34,M,A1
1007,398,Wishi Bala,45,F,A2
1008,398,Lavanya Narain,28,M,A3
1009,398,Chavvi Char,21,T,A4
1010,399,Leela Sengupta,35,T,A1
1011,399,Krisha Savant,51,F,A2
1012,399,Balendra Bali,43,M,A3
1013,400,Yashawini Bhalla,39,F,A1
1014,400,Adya Talwar,48,M,A2
1015,401,Dominic Palla,59,T,A1
1016,401,Dominic Mital,46,M,A2
1017,401,Siddharth Malhotra,23,F,A3
1018,401,Peter Ray,33,T,A4
1019,402,Priya Pai,28,M,A1
1020,403,Frado Bhatti,44,M,A1
1021,404,Dominic Palla,42,T,A1
1022,405,Jeremiah Behl,29,M,A1
1023,405,Baljiwan Dixit,45,F,A2
1024,405,Dominic Palla,31,M,A3
1025,406,Faqid Wason,59,F,A1
1026,407,Gayathri Mahajan,50,F,A1
1027,408,Ryan Sachdeva,20,T,A1
1028,408,Zayan Varma,48,M,A2
1029,408,Pranit Bahl,44,M,A3
1030,408,Xalak Kala,33,F,A4
1031,409,Siddharth Malhotra,27,T,A1
1032,409,Harsh Lalla,22,M,A2
1033,410,Naveen Kunda,36,M,A1
1034,410,Nidra Khare,29,F,A2
1035,410,Mason Handa,32,T,A3
1036,411,Dominic Palla,55,F,A1
1037,411,Dominic Mital,25,F,A2
1038,411,Siddharth Malhotra,32,M,A3
1039,412,Niharika Patla,51,M,A1
1040,412,Mekhala Dey,18,M,A2
1041,412,Isaac Tella,31,M,A3
1042,412,Zayan Taneja,19,T,A4
1043,413,Tejas Dhawan,39,M,A1
1044,413,Parth Kala,55,M,A2
1045,414,Vaishnavi Koshy,51,T,A1
1046,414,Maanav Patil,24,M,A2
1047,414,Jhalak Morar,26,F,A3
1048,414,Bakhshi Bhagat,19,M,A4
1049,415,Maya Kumer,36,T,A1
1050,415,Gautam Keer,20,M,A2
1051,416,Gaurangi Sami,28,F,A1
1052,416,Naveen Lal,56,T,A2
1053,416,Indira Salvi,54,T,A3
1054,416,Sudiksha Bala,58,F,A4
1055,417,Dipta Butala,53,F,A1
1056,418,Kiaan Lad,54,T,A1
1057,419,Maya Purohit,34,M,A1
1058,419,Ansh Bajaj,35,F,A2
1059,419,Gaurav Shere,52,M,A3
1060,420,Jhalak Garde,36,T,A1
1061,421,Udarsh Jani,21,T,A1
1062,421,Amaira Mani,46,M,A2
1063,421,Lavanya De,43,F,A3
1064,421,Samuel Kale,60,M,A4
1065,422,Tara Chada,28,T,A1
1066,423,Charles Natarajan,27,F,A1
1067,423,Urishilla Pandya,36,T,A2
1068,424,Harinakshi Sidhu,32,T,A1
1069,424,Gaurav Nadig,33,M,A2
1070,424,Lucky Lad,50,M,A3
1071,424,Dhriti Basu,52,T,A4
1072,425,Indrajit Iyengar,38,T,A1
1073,425,Siddharth Malhotra,28,M,A2
1074,426,Abha Gade,28,M,A1
1075,426,Rajata D’Alia,20,F,A2
1076,426,Banjeet Sathe,20,T,A3
1077,427,Isaac Bajwa,35,F,A1
1078,427,Kiaan Dutta,22,T,A2
1079,428,Atharv Mane,19,T,A1
1080,428,Meera Prakash,25,M,A2
1081,428,Ekiya Dube,35,T,A3
1082,429,Siddharth Bava,29,F,A1
1083,429,Ekantika Bhakta,42,M,A2
1084,429,Lakshmi Chanda,54,M,A3
1085,430,Lipika Rau,54,M,A1
1086,431,Kiaan Dutta,41,T,A1
1087,431,Harsh Lalla,31,F,A2
1088,432,Indrajit Iyengar,43,M,A1
1089,432,Siddharth Malhotra,26,F,A2
1090,432,Darpan Koshy,53,F,A3
1091,433,Jason Pingle,20,M,A1
1092,434,Manthan Datta,49,M,A1
1093,434,Yuvraj Virk,49,T,A2
1094,434,Chakrika Batta,32,F,A3
1095,434,Chakradev Varghese,46,T,A4
1096,435,Ishaan Shere,48,F,A1
1097,435,Qabil Ramaswamy,51,T,A2
1098,435,Fiyaz Saha,23,T,A3
1099,435,Dipta Sha,47,M,A4
1100,436,Aashi Cherian,46,T,A1
1101,437,Chasmum Chahal,33,T,A1
1102,437,Krishna Atwal,52,M,A2
1103,438,Gabriel Mitra,51,F,A1
1104,438,Manbir Som,25,M,A2
1105,439,Shivani Kibe,20,M,A1
1106,439,Chaitaly Ramanathan,19,F,A2
1107,439,Gauri Anand,37,M,A3
1108,439,Rachana Sagar,42,T,A4
1109,440,Farhan Sarma,47,F,A1
1110,440,Hredhaan Toor,47,T,A2
1111,441,Bhavna Handa,37,T,A1
1112,441,Hemangini Sarma,24,M,A2
1113,442,Dominic Palla,30,F,A1
1114,442,Dominic Mital,40,T,A2
1115,442,Siddharth Malhotra,38,T,A3
1116,442,Peter Ray,41,F,A4
1117,443,Chavvi Keer,36,M,A1
1118,444,Jagdish Lanka,31,M,A1
1119,444,Hredhaan Toor,44,T,A2
1120,444,Indrajit Iyengar,32,M,A3
1121,444,Kalpit Jayaraman,46,F,A4
1122,445,Karan Edwin,29,F,A1
1123,445,Rayaan Barad,52,T,A2
1124,446,Benjamin Tripathi,37,F,A1
1125,446,Oliver Dalal,58,T,A2
1126,446,Janaki Dugar,19,M,A3
1127,447,Isaac Bajwa,25,F,A1
1128,448,Jalsa Korpal,26,M,A1
1129,448,Oviya Kari,31,F,A2
1130,448,Pushti Sachdev,21,T,A3
1131,448,Tara Varty,47,T,A4
1132,449,Darsh Ramaswamy,25,F,A1
1133,449,Matthew Bhardwaj,40,T,A2
1134,449,Oni Ratti,50,T,A3
1135,450,Rudra Mitra,55,T,A1
1136,450,Balhaar Yogi,48,T,A2
