EmployeeID,DistrictID,UnitID,RankID,DesignationID,KGID,FirstName,EmployeeDOB,GenderID,BloodGroupID,PhysicallyChallenged,AppointmentDate
1,10,41,3,2,KGID100001,Advik,1990-05-15,1,4,false,2019-04-16
2,5,19,2,1,KGID100002,Jason,1993-07-14,2,6,false,2016-05-30
3,3,11,3,2,KGID100003,Charan,1977-06-19,1,3,false,2003-08-08
4,9,35,2,4,KGID100004,Caleb,1991-07-11,1,6,false,2016-04-02
5,1,4,1,3,KGID100005,Amol,1988-11-07,1,4,false,2013-05-28
6,9,37,2,4,KGID100006,Ikbal,1971-06-21,2,3,false,1996-12-24
7,5,17,2,3,KGID100007,Agastya,1977-10-04,2,7,false,2001-04-22
8,6,24,2,4,KGID100008,Ubika,1987-12-11,1,2,false,2012-05-21
9,3,10,2,4,KGID100009,Liam,1977-05-19,2,7,false,2006-05-27
10,10,39,5,3,KGID100010,Aarush,1995-08-22,1,2,false,2022-11-15
11,9,35,6,3,KGID100011,Gauri,1994-01-25,2,3,false,2019-01-16
12,7,30,6,3,KGID100012,Onkar,1992-03-10,1,2,false,2014-03-18
13,10,41,6,2,KGID100013,Hritik,1979-02-28,1,1,false,2004-06-28
14,10,39,4,1,KGID100014,Pahal,2000-03-21,2,5,false,2025-11-02
15,4,16,2,1,KGID100015,Sachi,1973-09-18,2,2,false,1996-05-07
16,9,35,2,4,KGID100016,Orinder,1973-07-18,1,5,false,1996-12-09
17,9,34,4,2,KGID100017,Anthony,1989-04-05,1,5,false,2018-01-17
18,6,26,6,3,KGID100018,David,1993-03-02,2,2,false,2022-09-07
19,4,16,1,3,KGID100019,Saanvi,2000-09-17,1,4,false,2025-03-20
20,1,1,6,1,KGID100020,Manan,1972-12-27,1,6,false,1995-10-08
21,1,5,2,3,KGID100021,Pratyush,1996-04-04,1,3,false,2024-01-03
22,9,37,4,2,KGID100022,Bakhshi,1988-06-11,2,4,false,2016-11-21
23,2,7,6,4,KGID100023,Ishaan,1971-12-19,2,8,false,1995-01-14
24,1,4,6,1,KGID100024,Chaaya,1994-07-06,2,2,false,2024-01-18
25,4,16,2,4,KGID100025,Daksha,1997-01-22,1,5,false,2021-03-11
26,7,30,1,4,KGID100026,Utkarsh,1982-05-01,1,1,false,2007-02-12
27,10,42,1,1,KGID100027,Qabil,1990-04-02,1,3,false,2018-04-19
28,7,27,4,2,KGID100028,Peter,1975-08-03,1,3,false,2003-01-07
29,6,25,4,3,KGID100029,Kiaan,1977-01-15,2,5,false,1999-01-18
30,7,28,6,4,KGID100030,Balendra,1992-04-20,2,4,false,2022-02-05
31,1,4,6,1,KGID100031,Frederick,1989-06-06,1,1,false,2017-11-28
32,10,38,5,2,KGID100032,Krisha,1987-02-08,1,3,false,2014-06-08
33,1,5,1,2,KGID100033,Ranveer,1975-08-12,1,1,false,2004-04-08
34,10,40,4,3,KGID100034,Imaran,1978-11-30,1,6,false,2001-10-25
35,4,16,4,2,KGID100035,Ayaan,1991-10-08,2,8,false,2016-09-23
36,5,21,1,4,KGID100036,Amol,1977-08-24,1,2,false,2000-06-11
37,9,35,5,3,KGID100037,Suhani,1995-07-03,2,2,false,2019-11-17
38,4,16,3,2,KGID100038,Hitesh,1978-11-05,2,1,false,2004-12-21
39,9,36,6,1,KGID100039,Nakul,1998-11-08,1,5,false,2024-03-12
40,2,8,6,2,KGID100040,Zaid,1977-02-19,1,6,false,2000-04-27
41,4,14,6,3,KGID100041,Veer,1982-10-23,2,1,false,2012-07-02
42,2,6,4,3,KGID100042,Ekiya,1974-12-22,2,3,false,2004-01-27
43,10,41,2,4,KGID100043,Karan,1978-03-11,2,1,false,2003-02-10
44,2,8,6,2,KGID100044,Tanish,1993-09-14,2,3,false,2016-07-13
45,7,28,1,3,KGID100045,Ryan,1998-05-19,1,6,false,2021-10-17
46,4,14,2,1,KGID100046,Ekapad,1981-10-07,2,3,false,2011-05-26
47,4,16,2,4,KGID100047,Chandani,1986-05-05,2,7,false,2010-02-23
48,4,16,2,1,KGID100048,Christopher,1993-12-22,1,8,false,2018-12-13
49,4,15,4,3,KGID100049,Fariq,1975-04-14,1,4,false,1999-07-04
50,1,2,2,4,KGID100050,Siddharth,1995-02-06,1,5,false,2024-06-26
51,6,23,5,4,KGID100051,Reyansh,1989-01-13,2,1,false,2018-03-19
52,2,8,2,3,KGID100052,Vinaya,1982-05-18,2,6,false,2007-04-16
53,5,21,5,1,KGID100053,Abdul,1986-12-13,1,5,false,2013-10-29
54,1,3,4,1,KGID100054,Dakshesh,1991-08-20,1,6,false,2021-07-26
55,7,28,6,3,KGID100055,Kiaan,1991-09-06,1,5,false,2014-06-13
56,8,33,6,4,KGID100056,Onkar,1994-05-16,2,3,false,2019-10-28
57,3,13,6,4,KGID100057,Teerth,1974-01-02,1,5,false,2000-09-14
58,6,26,1,3,KGID100058,Aarav,1975-06-13,2,6,false,2003-07-30
59,7,30,4,2,KGID100059,Karan,2000-02-12,1,2,false,2027-01-20
60,5,19,6,3,KGID100060,Hemal,2000-09-03,1,5,false,2028-06-09
61,4,15,2,1,KGID100061,Damyanti,1986-04-14,2,2,false,2010-07-02
62,7,30,6,2,KGID100062,Manthan,1997-07-13,2,8,false,2024-02-29
63,6,26,2,1,KGID100063,Zehaan,1996-08-21,1,7,false,2021-05-11
64,4,15,6,4,KGID100064,Ganga,1989-06-04,1,2,false,2013-05-19
65,7,30,4,3,KGID100065,Faris,1982-02-19,2,7,false,2005-08-13
66,9,36,2,4,KGID100066,Aadi,1987-04-08,1,5,false,2014-04-02
67,9,34,6,2,KGID100067,Yash,1989-02-10,1,5,false,2016-07-12
68,4,16,3,3,KGID100068,Pratyush,1971-02-24,1,3,false,1996-03-06
69,3,10,4,2,KGID100069,Mitesh,1997-10-14,1,7,false,2022-05-13
70,7,27,5,4,KGID100070,Jai,1977-12-20,1,7,false,2003-08-31
71,6,25,6,1,KGID100071,Balveer,1997-10-06,2,8,false,2026-04-19
72,1,1,3,4,KGID100072,Xavier,1973-03-14,2,4,false,1999-02-16
73,8,32,3,4,KGID100073,Dev,1995-11-04,2,6,false,2020-04-14
74,6,26,4,2,KGID100074,Wazir,1974-07-11,1,7,false,1998-05-12
75,10,38,6,1,KGID100075,Gayathri,1999-11-25,2,3,false,2028-03-18
76,7,30,1,3,KGID100076,Siddharth,1978-10-06,1,8,false,2002-10-14
77,5,21,4,3,KGID100077,Harish,2000-06-10,2,5,false,2026-03-18
78,2,6,1,1,KGID100078,Ryan,1992-08-24,2,4,false,2019-11-27
79,10,42,6,1,KGID100079,Rachit,2001-05-25,1,4,false,2024-02-25
80,1,2,2,2,KGID100080,Yauvani,1984-02-16,1,4,false,2013-01-28
81,7,30,3,3,KGID100081,Jatin,1984-07-17,1,3,false,2014-05-16
82,5,20,5,1,KGID100082,Omkaar,1977-07-06,2,7,false,2000-09-15
83,3,13,5,2,KGID100083,Jyoti,1971-03-14,2,2,false,1994-01-13
84,9,37,3,4,KGID100084,Aarush,1988-10-14,1,6,false,2011-03-26
85,1,1,4,1,KGID100085,Ayushman,1972-09-29,2,8,false,1999-06-10
86,3,10,2,3,KGID100086,Amol,1977-08-23,2,8,false,2004-07-05
87,7,28,3,3,KGID100087,Balendra,1997-03-12,1,5,false,2025-10-27
88,7,29,4,4,KGID100088,Liam,1986-06-26,2,6,false,2011-03-15
89,3,12,2,3,KGID100089,Hredhaan,1991-04-14,2,5,false,2018-09-26
90,10,39,3,1,KGID100090,Warjas,1987-04-06,1,2,false,2017-02-09
91,4,16,4,2,KGID100091,Warjas,1978-01-29,2,8,false,2004-08-14
92,1,2,3,2,KGID100092,Girish,1995-07-31,1,5,false,2018-08-10
93,10,38,4,3,KGID100093,Tanveer,1973-06-21,2,6,false,1999-08-05
94,7,30,3,3,KGID100094,Samesh,1981-07-12,1,6,false,2006-07-20
95,2,8,6,2,KGID100095,Avi,1985-01-09,2,5,false,2013-01-06
96,10,38,5,3,KGID100096,Chandran,1991-06-03,1,5,false,2019-04-15
97,4,15,2,3,KGID100097,Pallavi,1972-06-04,1,5,false,1998-06-16
98,1,3,5,3,KGID100098,Chatura,1995-05-14,1,8,false,2017-12-17
99,2,7,5,3,KGID100099,Girish,1978-04-03,2,6,false,2000-05-17
100,3,12,3,4,KGID100100,Ekiya,1987-03-04,1,7,false,2009-09-24
101,8,32,5,1,KGID100101,Liam,1983-08-16,2,2,false,2006-06-09
102,4,16,5,4,KGID100102,Baljiwan,1984-11-20,1,7,false,2008-03-14
103,7,29,3,4,KGID100103,Chandran,1984-04-13,1,2,false,2011-03-26
104,4,14,2,3,KGID100104,Abhimanyu,1972-02-11,1,4,false,2001-02-10
105,3,12,1,2,KGID100105,Kashish,2000-08-01,2,8,false,2028-10-03
106,5,19,2,3,KGID100106,Xavier,1975-09-14,2,2,false,1998-01-19
107,4,15,6,2,KGID100107,Sai,1985-06-20,1,3,false,2010-06-02
108,5,18,1,1,KGID100108,Fitan,1998-07-10,2,5,false,2022-02-06
109,7,29,4,3,KGID100109,Robert,1982-04-18,2,8,false,2005-09-03
110,7,29,5,1,KGID100110,Utkarsh,1978-10-07,2,5,false,2001-08-26
111,1,2,2,1,KGID100111,Yagnesh,1979-05-22,2,1,false,2002-05-25
112,3,12,5,4,KGID100112,Manbir,1975-05-06,1,7,false,2002-08-09
113,10,41,1,4,KGID100113,Ayush,1977-04-18,2,6,false,2004-10-17
114,2,7,3,4,KGID100114,Azaan,1988-07-02,2,7,false,2012-04-15
115,9,36,4,1,KGID100115,Ayush,1993-09-25,2,2,false,2016-02-17
116,6,26,1,4,KGID100116,William,1972-02-06,1,6,false,1999-11-08
117,10,40,6,4,KGID100117,Farhan,1986-02-18,1,5,false,2013-09-15
118,9,36,3,4,KGID100118,Banjeet,1972-04-23,2,2,false,1995-10-06
119,1,2,5,2,KGID100119,Bakhshi,1996-12-08,2,1,false,2025-12-26
120,9,36,1,2,KGID100120,Jacob,1988-12-28,1,8,false,2015-07-21
